id,title,year,image
"1","Ana Haag",2019,"https://s3-us-west-1.amazonaws.com/moovi-images/7.jpeg"
"2","Corbin Pacocha Jr.",2019,"https://s3-us-west-1.amazonaws.com/moovi-images/11.jpeg"
"3","Deion Lesch",2019,"https://s3-us-west-1.amazonaws.com/moovi-images/11.jpeg"
"4","Earnestine Hammes",2019,"https://s3-us-west-1.amazonaws.com/moovi-images/6.jpeg"
"5","Kody Reynolds",2019,"https://s3-us-west-1.amazonaws.com/moovi-images/19.jpeg"
"6","Kallie McDermott",2019,"https://s3-us-west-1.amazonaws.com/moovi-images/8.jpeg"
"7","Marcel Bechtelar DDS",2019,"https://s3-us-west-1.amazonaws.com/moovi-images/12.jpeg"
"8","Bobby Stiedemann",2018,"https://s3-us-west-1.amazonaws.com/moovi-images/2.jpeg"
"9","Letha Wintheiser",2019,"https://s3-us-west-1.amazonaws.com/moovi-images/17.jpeg"
"10","Dion Moore V",2019,"https://s3-us-west-1.amazonaws.com/moovi-images/5.jpeg"
"11","Trey Thiel",2019,"https://s3-us-west-1.amazonaws.com/moovi-images/7.jpeg"
"12","Vincent Conn",2018,"https://s3-us-west-1.amazonaws.com/moovi-images/13.jpeg"
"13","Mohamed Block",2019,"https://s3-us-west-1.amazonaws.com/moovi-images/14.jpeg"
"14","Willow Conroy",2019,"https://s3-us-west-1.amazonaws.com/moovi-images/10.jpeg"
"15","Jeffrey Schoen DDS",2019,"https://s3-us-west-1.amazonaws.com/moovi-images/17.jpeg"
"16","Cynthia Gislason",2019,"https://s3-us-west-1.amazonaws.com/moovi-images/10.jpeg"
"17","Maximilian Jast IV",2018,"https://s3-us-west-1.amazonaws.com/moovi-images/8.jpeg"
"18","Mary Hauck",2019,"https://s3-us-west-1.amazonaws.com/moovi-images/9.jpeg"
"19","Adelle Wilkinson II",2018,"https://s3-us-west-1.amazonaws.com/moovi-images/16.jpeg"
"20","Rusty Schultz",2019,"https://s3-us-west-1.amazonaws.com/moovi-images/10.jpeg"